21001,password,105級01,105
21002,password,105級02,105
21003,password,105級03,105
21004,password,105級04,105
21005,password,105級05,105
21006,password,105級06,105
21007,password,105級07,105
21008,password,105級08,105
21009,password,105級09,105
21010,password,105級10,105
31001,password,106級01,106
31002,password,106級02,106
31003,password,106級03,106
31004,password,106級04,106
31005,password,106級05,106
31006,password,106級06,106
31007,password,106級07,106
31008,password,106級08,106
31009,password,106級09,106
31010,password,106級10,106
411001,password,107級01,107
411002,password,107級02,107
411003,password,107級03,107
411004,password,107級04,107
411005,password,107級05,107
411006,password,107級06,107
411007,password,107級07,107
411008,password,107級08,107
411009,password,107級09,107
411010,password,107級10,107
